Account Number,Date,Description,Mid,Channel, Debit Amount , Credit Amount 
889198883,13/08/24 04.14.30,CSZ*RENDANG GADIH  OTOPAY KD  13/08/24 902031582,902031582,PT Bank Negara Indonesia (Persero) Tbk-B2C, -   ," 341,550 "
889198883,13/08/24 04.14.30,CSZ*SHOES FACTORY OUTLET   OTOPAY KD  13/08/24 904035755,904035755,PT Bank Negara Indonesia (Persero) Tbk-B2C, -   ," 1,210,240 "
889198883,13/08/24 04.14.30,CSZ*VALERIN ONLINE OTOPAY KD  13/08/24 905031936,905031936,PT Bank Negara Indonesia (Persero) Tbk-B2C, -   ," 99,850 "
889198883,13/08/24 04.14.30,CSZ*APOTIK GEDANGANOTOPAY KD  13/08/24 906031539,906031539,PT Bank Negara Indonesia (Persero) Tbk-B2C, -   ," 127,968 "
889198883,13/08/24 04.14.30,CSZ*LEGENDS BEACHFRONT RE  OTOPAY KD  13/08/24 908000076,908000076,PT Bank Negara Indonesia (Persero) Tbk-B2C, -   ," 693,000 "
889198883,13/08/24 04.14.30,CSZ*DRAGONFLY VILLAGE  OTOPAY KD  13/08/24 908000116,908000116,PT Bank Negara Indonesia (Persero) Tbk-B2C, -   ," 283,910 "
889198883,13/08/24 04.14.31,CSZ*LULU S VILLA   OTOPAY KD  13/08/24 908000318,908000318,PT Bank Negara Indonesia (Persero) Tbk-B2C, -   ," 34,155 "
889198883,13/08/24 04.14.31,CSZ*HUSKY VAPE COFFEE NUS  OTOPAY KD  13/08/24 908000360,908000360,PT Bank Negara Indonesia (Persero) Tbk-B2C, -   ," 683,100 "
889198883,13/08/24 04.14.31,CSZ*WARUNG SEHAT   OTOPAY KD  13/08/24 908032071,908032071,PT Bank Negara Indonesia (Persero) Tbk-B2C, -   ," 320,760 "
889198883,13/08/24 04.14.31,CSZ*RUKUN MAKMUR   OTOPAY KD  13/08/24 908033863,908033863,PT Bank Negara Indonesia (Persero) Tbk-B2C, -   ," 868,230 "
889198883,13/08/24 04.14.31,CSZ*BALI ICE SKATING AREN  OTOPAY KD  13/08/24 908035124,908035124,PT Bank Negara Indonesia (Persero) Tbk-B2C, -   ," 54,560 "
889198883,13/08/24 04.14.31,CSZ*SADDASA SKIN CARE  OTOPAY KD  13/08/24 908035751,908035751,PT Bank Negara Indonesia (Persero) Tbk-B2C, -   ," 2,165,130 "
889198883,13/08/24 04.14.31,CSZ* BABY KIDS OTOPAY KD  13/08/24 908036882,908036882,PT Bank Negara Indonesia (Persero) Tbk-B2C, -   ," 1,847,736 "
889198883,13/08/24 04.14.31,CSZ*VNSOTOPAY KD  13/08/24 908038516,908038516,PT Bank Negara Indonesia (Persero) Tbk-B2C, -   ," 4,298,762 "
889198883,13/08/24 04.14.31,CSZ*NOEMI BEAUTY SALON OTOPAY KD  13/08/24 908038540,908038540,PT Bank Negara Indonesia (Persero) Tbk-B2C, -   ," 2,673,000 "
889198883,13/08/24 04.14.31,CSZ*CV MITRA SEJATIOTOPAY KD  13/08/24 908038557,908038557,PT Bank Negara Indonesia (Persero) Tbk-B2C, -   ," 792,000 "
889198883,13/08/24 04.14.31,CSZ*FORKETTA BALI  OTOPAY KD  13/08/24 908039746,908039746,PT Bank Negara Indonesia (Persero) Tbk-B2C, -   ," 277,760 "
889198883,13/08/24 04.14.31,CSZ*FISH & CHEAP PLAZA SE  OTOPAY KD  13/08/24 910006964,910006964,PT Bank Negara Indonesia (Persero) Tbk-B2C, -   ," 85,114 "
889198883,13/08/24 04.14.31,CSZ*CHOICE SOUVENIROTOPAY KD  13/08/24 910007178,910007178,PT Bank Negara Indonesia (Persero) Tbk-B2C, -   ," 1,841,400 "
889198883,13/08/24 04.14.31,CSZ*UNHCR INDONESIAOTOPAY KD  13/08/24 910007780,910007780,PT Bank Negara Indonesia (Persero) Tbk-B2C, -   ," 544,500 "
889198883,13/08/24 04.14.31,CSZ*APOTIK EXPOOTOPAY KD  13/08/24 910008002,910008002,PT Bank Negara Indonesia (Persero) Tbk-B2C, -   ," 120,780 "
889198883,13/08/24 04.14.31,CSZ*KINSHAMO   OTOPAY KD  13/08/24 910008259,910008259,PT Bank Negara Indonesia (Persero) Tbk-B2C, -   ," 1,205,601 "
889198883,13/08/24 04.14.31,CSZ*ACG SCHOOL JAKARTA OTOPAY KD  13/08/24 910008440,910008440,PT Bank Negara Indonesia (Persero) Tbk-B2C, -   ," 1,722,600 "
889198883,13/08/24 04.14.31,CSZ*GOERS  OTOPAY KD  13/08/24 910008713,910008713,PT Bank Negara Indonesia (Persero) Tbk-B2C, -   ," 8,265,218 "
889198883,13/08/24 04.14.31,CSZ*INDONESIA SUSHIRO RES  OTOPAY KD  13/08/24 910009109,910009109,PT Bank Negara Indonesia (Persero) Tbk-B2C, -   ," 18,293,656 "
889198883,13/08/24 04.14.31,CSZ*PT. AMBARA KARYA PRAD  OTOPAY KD  13/08/24 912007416,912007416,PT Bank Negara Indonesia (Persero) Tbk-B2C, -   ," 2,683,359 "
889198883,13/08/24 04.14.31,CSZ*GRAMEDIA LIPPO PURI 4  OTOPAY KD  13/08/24 912009388,912009388,PT Bank Negara Indonesia (Persero) Tbk-B2C, -   ," 1,386,916 "
889198883,13/08/24 04.14.31,CSZ*HAKATA IKKOUSHA PLUIT  OTOPAY KD  13/08/24 912010782,912010782,PT Bank Negara Indonesia (Persero) Tbk-B2C, -   ," 532,848 "
889198883,13/08/24 04.14.31,CSZ*VIAND BIVANDE CAFE OTOPAY KD  13/08/24 912011756,912011756,PT Bank Negara Indonesia (Persero) Tbk-B2C, -   ," 513,856 "
889198883,13/08/24 04.14.31,CSZ*GRAMEDIA PONDOK INDAH  OTOPAY KD  13/08/24 914006424,914006424,PT Bank Negara Indonesia (Persero) Tbk-B2C, -   ," 4,478,054 "
889198883,13/08/24 04.14.31,CSZ*TISNA DETY OTOPAY KD  13/08/24 914006663,914006663,PT Bank Negara Indonesia (Persero) Tbk-B2C, -   ," 1,742,400 "
889198883,13/08/24 04.14.31,CSZ*PT MEGA BAJA BOGOR OTOPAY KD  13/08/24 914007281,914007281,PT Bank Negara Indonesia (Persero) Tbk-B2C, -   ," 36,798,468 "
889198883,13/08/24 04.14.31,CSZ*KLINIK GIGI MOORAH OTOPAY KD  13/08/24 914007927,914007927,PT Bank Negara Indonesia (Persero) Tbk-B2C, -   ," 791,010 "
889198883,13/08/24 04.14.31,CSZ*MAYOSI CAFE & EATERY   OTOPAY KD  13/08/24 914008040,914008040,PT Bank Negara Indonesia (Persero) Tbk-B2C, -   ," 106,524 "
889198883,13/08/24 04.14.31,CSZ*HANKOOK MASTERSOTOPAY KD  13/08/24 914008495,914008495,PT Bank Negara Indonesia (Persero) Tbk-B2C, -   ," 507,870 "
889198883,13/08/24 04.14.31,CSZ*PT HAENG NAM SEJAHTER  OTOPAY KD  13/08/24 914008792,914008792,PT Bank Negara Indonesia (Persero) Tbk-B2C, -   ," 4,319,964 "
889198883,13/08/24 04.14.31,CSZ*RDK S CLINIC   OTOPAY KD  13/08/24 914008933,914008933,PT Bank Negara Indonesia (Persero) Tbk-B2C, -   ," 459,954 "
889198883,13/08/24 04.14.31,CSZ*KAYU-KAYU RESTORAN OTOPAY KD  13/08/24 914009030,914009030,PT Bank Negara Indonesia (Persero) Tbk-B2C, -   ," 11,091,949 "
889198883,13/08/24 04.14.31,CSZ*HLSPORT BINTAROOTOPAY KD  13/08/24 914009394,914009394,PT Bank Negara Indonesia (Persero) Tbk-B2C, -   ," 760,320 "
889198883,13/08/24 04.14.31,CSZ*DR WAY 2   OTOPAY KD  13/08/24 914011390,914011390,PT Bank Negara Indonesia (Persero) Tbk-B2C, -   ," 11,209,600 "
889198883,13/08/24 04.14.31,CSZ*DR TUBAGUS WIDJAJA KU  OTOPAY KD  13/08/24 914011499,914011499,PT Bank Negara Indonesia (Persero) Tbk-B2C, -   ," 99,200 "
889198883,13/08/24 04.14.31,CSZ*KAFEOLE 2  OTOPAY KD  13/08/24 914011556,914011556,PT Bank Negara Indonesia (Persero) Tbk-B2C, -   ," 328,997 "
889198883,13/08/24 04.14.31,CSZ*NIAGA JAYA 2   OTOPAY KD  13/08/24 914011705,914011705,PT Bank Negara Indonesia (Persero) Tbk-B2C, -   ," 619,008 "
889198883,13/08/24 04.14.31,CSZ*AKIHABARA COFFEE BREA  OTOPAY KD  13/08/24 914011747,914011747,PT Bank Negara Indonesia (Persero) Tbk-B2C, -   ," 143,840 "
889198883,13/08/24 04.14.31,CSZ*MARRAKESH  OTOPAY KD  13/08/24 914011846,914011846,PT Bank Negara Indonesia (Persero) Tbk-B2C, -   ," 509,447 "
889198883,13/08/24 04.14.31,CSZ*CARTEL OTOPAY KD  13/08/24 914012455,914012455,PT Bank Negara Indonesia (Persero) Tbk-B2C, -   ," 17,317,778 "
889198883,13/08/24 04.14.31,CSZ*NEW DEWI SARTIKA   OTOPAY KD  13/08/24 914012505,914012505,PT Bank Negara Indonesia (Persero) Tbk-B2C, -   , 1 
889198883,13/08/24 04.14.31,CSZ*RB PALEM   OTOPAY KD  13/08/24 914012687,914012687,PT Bank Negara Indonesia (Persero) Tbk-B2C, -   ," 1,737,289 "
889198883,13/08/24 04.14.31,CSZ*BALI TOYS  OTOPAY KD  13/08/24 914012836,914012836,PT Bank Negara Indonesia (Persero) Tbk-B2C, -   ," 927,520 "
889198883,13/08/24 04.14.31,CSZ*MEGA BAJA CIGOMBONGOTOPAY KD  13/08/24 914012901,914012901,PT Bank Negara Indonesia (Persero) Tbk-B2C, -   ," 3,486,880 "
889198883,13/08/24 04.14.31,CSZ*RSIGM SULTAN AGUNG OTOPAY KD  13/08/24 914013057,914013057,PT Bank Negara Indonesia (Persero) Tbk-B2C, -   ," 360,096 "
889198883,13/08/24 04.14.31,CSZ*ALLDENTOTOPAY KD  13/08/24 914013099,914013099,PT Bank Negara Indonesia (Persero) Tbk-B2C, -   ," 485,088 "
889198883,13/08/24 04.14.31,CSZ*GRAMEDIA MT HARYONOOTOPAY KD  13/08/24 914013297,914013297,PT Bank Negara Indonesia (Persero) Tbk-B2C, -   ," 1,858,215 "
889198883,13/08/24 04.14.31,CSZ*MULTITOYS QBIG BSD OTOPAY KD  13/08/24 914013461,914013461,PT Bank Negara Indonesia (Persero) Tbk-B2C, -   ," 160,704 "
889198883,13/08/24 04.14.31,CSZ*THE LEMON TREE OTOPAY KD  13/08/24 914013719,914013719,PT Bank Negara Indonesia (Persero) Tbk-B2C, -   ," 347,200 "
889198883,13/08/24 04.14.31,CSZ*KLINIK SPESIALIS KUOTOPAY KD  13/08/24 914013743,914013743,PT Bank Negara Indonesia (Persero) Tbk-B2C, -   ," 248,000 "
889198883,13/08/24 04.14.31,CSZ*THE GROUND OTOPAY KD  13/08/24 914013875,914013875,PT Bank Negara Indonesia (Persero) Tbk-B2C, -   ," 5,707,900 "
889198883,13/08/24 04.14.31,CSZ*BULL GYM   OTOPAY KD  13/08/24 914014105,914014105,PT Bank Negara Indonesia (Persero) Tbk-B2C, -   ," 144,435 "
889198883,13/08/24 04.14.31,CSZ*SILUNGKANG PLAYGROUOTOPAY KD  13/08/24 914014295,914014295,PT Bank Negara Indonesia (Persero) Tbk-B2C, -   ," 70,893 "
889198883,13/08/24 04.14.31,CSZ*TOKO SEPATU ABCOTOPAY KD  13/08/24 914014329,914014329,PT Bank Negara Indonesia (Persero) Tbk-B2C, -   ," 197,606 "
889198883,13/08/24 04.14.31,CSZ*FISH N CHEAP MALL POTOPAY KD  13/08/24 914014451,914014451,PT Bank Negara Indonesia (Persero) Tbk-B2C, -   ," 374,976 "
889198883,13/08/24 04.14.31,CSZ*LEVEL 2 CAFE N BAR OTOPAY KD  13/08/24 914014741,914014741,PT Bank Negara Indonesia (Persero) Tbk-B2C, -   ," 1,117,805 "
889198883,13/08/24 04.14.31,CSZ*CV DJAYA SEHAT SUKSOTOPAY KD  13/08/24 914014766,914014766,PT Bank Negara Indonesia (Persero) Tbk-B2C, -   ," 77,872 "
889198883,13/08/24 04.14.31,CSZ*KABANN LIVING OBEROOTOPAY KD  13/08/24 914014956,914014956,PT Bank Negara Indonesia (Persero) Tbk-B2C, -   ," 684,480 "
889198883,13/08/24 04.14.31,CSZ*PT OMEGA MEDIA GLOBOTOPAY KD  13/08/24 914015219,914015219,PT Bank Negara Indonesia (Persero) Tbk-B2C, -   ," 553,328 "
889198883,13/08/24 04.14.31,CSZ*FISH N CHEAP THAMRIOTOPAY KD  13/08/24 914015490,914015490,PT Bank Negara Indonesia (Persero) Tbk-B2C, -   ," 313,174 "
889198883,13/08/24 04.14.31,CSZ*WIE TIAM KOPI KNO  OTOPAY KD  13/08/24 914015722,914015722,PT Bank Negara Indonesia (Persero) Tbk-B2C, -   ," 386,682 "
889198883,13/08/24 04.14.31,CSZ*SPOTEC OTOPAY KD  13/08/24 914015862,914015862,PT Bank Negara Indonesia (Persero) Tbk-B2C, -   ," 585,082 "
889198883,13/08/24 04.14.31,CSZ*BRC CIBUBUROTOPAY KD  13/08/24 914015946,914015946,PT Bank Negara Indonesia (Persero) Tbk-B2C, -   ," 479,136 "
889198883,13/08/24 04.14.31,CSZ*INDIFOODCOURT-COFFEOTOPAY KD  13/08/24 914016050,914016050,PT Bank Negara Indonesia (Persero) Tbk-B2C, -   ," 36,528 "
889198883,13/08/24 04.14.31,CSZ*INDIFOODCOURT-DRINKOTOPAY KD  13/08/24 914016126,914016126,PT Bank Negara Indonesia (Persero) Tbk-B2C, -   ," 58,445 "
889198883,13/08/24 04.14.31,CSZ*ISLAND GROOMING BAROTOPAY KD  13/08/24 914016217,914016217,PT Bank Negara Indonesia (Persero) Tbk-B2C, -   ," 198,400 "
889198883,13/08/24 04.14.31,CSZ*INDIFOODCOURT-KASIR A  OTOPAY KD  13/08/24 914016423,914016423,PT Bank Negara Indonesia (Persero) Tbk-B2C, -   ," 109,022 "
889198883,13/08/24 04.14.31,CSZ*INDIFOODCOURT-BAKSOOTOPAY KD  13/08/24 914016456,914016456,PT Bank Negara Indonesia (Persero) Tbk-B2C, -   ," 48,081 "
889198883,13/08/24 04.14.31,CSZ*RSU MUHAMMADIYAH BAOTOPAY KD  13/08/24 914016498,914016498,PT Bank Negara Indonesia (Persero) Tbk-B2C, -   ," 1,421,349 "
889198883,13/08/24 04.14.31,CSZ*INDIFOODCOURT-DRINKOTOPAY KD  13/08/24 914016704,914016704,PT Bank Negara Indonesia (Persero) Tbk-B2C, -   ," 105,089 "
889198883,13/08/24 04.14.31,CSZ*KANGGOROJO OTOPAY KD  13/08/24 914016795,914016795,PT Bank Negara Indonesia (Persero) Tbk-B2C, -   ," 686,970 "
889198883,13/08/24 04.14.31,CSZ*NANAS  OTOPAY KD  13/08/24 914016936,914016936,PT Bank Negara Indonesia (Persero) Tbk-B2C, -   ," 665,930 "
889198883,13/08/24 04.14.31,CSZ*SECOND HOME COFFEE OTOPAY KD  13/08/24 914017496,914017496,PT Bank Negara Indonesia (Persero) Tbk-B2C, -   ," 97,782 "
889198883,13/08/24 04.14.31,CSZ*PEANUT HOUSE   OTOPAY KD  13/08/24 914017561,914017561,PT Bank Negara Indonesia (Persero) Tbk-B2C, -   ," 125,915 "
889198883,13/08/24 04.14.31,CSZ*SUKA SUKA CELL OTOPAY KD  13/08/24 914017819,914017819,PT Bank Negara Indonesia (Persero) Tbk-B2C, -   ," 1,064,724 "
889198883,13/08/24 04.14.31,CSZ*POMELO SANUR   OTOPAY KD  13/08/24 914018247,914018247,PT Bank Negara Indonesia (Persero) Tbk-B2C, -   ," 262,880 "
889198883,13/08/24 04.14.31,CSZ*OTEROO OTOPAY KD  13/08/24 914018338,914018338,PT Bank Negara Indonesia (Persero) Tbk-B2C, -   ," 50,592 "
889198883,13/08/24 04.14.32,CSZ*MY FRUIT   OTOPAY KD  13/08/24 914018528,914018528,PT Bank Negara Indonesia (Persero) Tbk-B2C, -   ," 36,704 "
889198883,13/08/24 04.14.32,CSZ*THE ROAST HOUSEOTOPAY KD  13/08/24 914018619,914018619,PT Bank Negara Indonesia (Persero) Tbk-B2C, -   ," 745,690 "
889198883,13/08/24 04.14.32,CSZ*GILI SPA   OTOPAY KD  13/08/24 914021241,914021241,PT Bank Negara Indonesia (Persero) Tbk-B2C, -   ," 173,699 "
889198883,13/08/24 04.14.32,CSZ*PT NITORI RETAIL INDO  OTOPAY KD  13/08/24 914028659,914028659,PT Bank Negara Indonesia (Persero) Tbk-B2C, -   ," 137,082,120 "
889198883,13/08/24 04.14.32,CSZ*PT MARDHIYYAH GLOBAL   OTOPAY KD  13/08/24 914028667,914028667,PT Bank Negara Indonesia (Persero) Tbk-B2C, -   ," 1,255,872 "
889198883,13/08/24 04.14.32,CSZ*INDIFOODCOURT-DAPUR M  OTOPAY KD  13/08/24 914028998,914028998,PT Bank Negara Indonesia (Persero) Tbk-B2C, -   ," 298,967 "
889198883,13/08/24 04.14.32,CSZ*KONSEP OTOPAY KD  13/08/24 914029145,914029145,PT Bank Negara Indonesia (Persero) Tbk-B2C, -   ," 507,779 "
889198883,13/08/24 04.14.32,CSZ*ADIDAS GRAND INDONESI  OTOPAY KD  13/08/24 914030200,914030200,PT Bank Negara Indonesia (Persero) Tbk-B2C, -   ," 595,200 "
889198883,13/08/24 04.14.32,CSZ*DOLMAN OTOPAY KD  13/08/24 915000780,915000780,PT Bank Negara Indonesia (Persero) Tbk-B2C, -   , 2 
889198883,13/08/24 04.14.32,CSZ*AYAM GORENG NY SUHART  OTOPAY KD  13/08/24 915005821,915005821,PT Bank Negara Indonesia (Persero) Tbk-B2C, -   ," 10,543,338 "
889198883,13/08/24 04.14.32,CSZ*SUVARNA JAKARTA GOLF   OTOPAY KD  13/08/24 915007306,915007306,PT Bank Negara Indonesia (Persero) Tbk-B2C, -   ," 7,293,502 "
889198883,13/08/24 04.14.32,CSZ*GWK BALI   OTOPAY KD  13/08/24 915009369,915009369,PT Bank Negara Indonesia (Persero) Tbk-B2C, -   ," 252,960 "
889198883,13/08/24 04.14.32,CSZ*TIYARA 2   OTOPAY KD  13/08/24 915009393,915009393,PT Bank Negara Indonesia (Persero) Tbk-B2C, -   ," 12,376,440 "
889198883,13/08/24 04.14.32,CSZ*TAMAN IMPIAN JAYA ANC  OTOPAY KD  13/08/24 915009435,915009435,PT Bank Negara Indonesia (Persero) Tbk-B2C, -   ," 3,194,141 "
889198883,13/08/24 04.14.32,CSZ*THE GRAND NI HAO 2 OTOPAY KD  13/08/24 915009468,915009468,PT Bank Negara Indonesia (Persero) Tbk-B2C, -   ," 826,534 "
889198883,13/08/24 04.14.32,CSZ*JAWA JIWA G-LAND   OTOPAY KD  13/08/24 915009526,915009526,PT Bank Negara Indonesia (Persero) Tbk-B2C, -   ," 147,436 "
889198883,13/08/24 04.14.32,CSZ*SHOES WAREHOUSE 2  OTOPAY KD  13/08/24 915009567,915009567,PT Bank Negara Indonesia (Persero) Tbk-B2C, -   ," 1,046,560 "
889198883,13/08/24 04.14.32,CSZ*CV DUNIA BETON 2   OTOPAY KD  13/08/24 915009690,915009690,PT Bank Negara Indonesia (Persero) Tbk-B2C, -   ," 13,189,939 "
889198883,13/08/24 04.14.32,CSZ*RUMAH SAKIT ISLAM SUL  OTOPAY KD  13/08/24 915009773,915009773,PT Bank Negara Indonesia (Persero) Tbk-B2C, -   ," 5,468,225 "
889198883,13/08/24 04.14.32,CSZ*SHOECASTLE 2   OTOPAY KD  13/08/24 915009781,915009781,PT Bank Negara Indonesia (Persero) Tbk-B2C, -   ," 734,080 "
889198883,13/08/24 04.14.32,CSZ*HILLS FASHION OUTLET   OTOPAY KD  13/08/24 915009971,915009971,PT Bank Negara Indonesia (Persero) Tbk-B2C, -   ," 2,613,573 "
889198883,13/08/24 04.14.32,CSZ*CV CILEGON STEEL   OTOPAY KD  13/08/24 915010003,915010003,PT Bank Negara Indonesia (Persero) Tbk-B2C, -   ," 16,424,288 "
889198883,13/08/24 04.14.32,CSZ*KOLLABORA 2OTOPAY KD  13/08/24 915010201,915010201,PT Bank Negara Indonesia (Persero) Tbk-B2C, -   ," 5,403,176 "
889198883,13/08/24 04.14.32,CSZ*THE BEACH STORE 1  OTOPAY KD  13/08/24 915010334,915010334,PT Bank Negara Indonesia (Persero) Tbk-B2C, -   ," 1,304,480 "
889198883,13/08/24 04.14.32,CSZ*BAGS ORIGINAL 2OTOPAY KD  13/08/24 915010417,915010417,PT Bank Negara Indonesia (Persero) Tbk-B2C, -   ," 942,400 "
889198883,13/08/24 04.14.32,CSZ*SNEAKERS FEST  OTOPAY KD  13/08/24 915010482,915010482,PT Bank Negara Indonesia (Persero) Tbk-B2C, -   ," 252,960 "
889198883,13/08/24 04.14.32,CSZ*KAFE PENDEKAR ALAM SU  OTOPAY KD  13/08/24 915010649,915010649,PT Bank Negara Indonesia (Persero) Tbk-B2C, -   ," 1,673,107 "
889198883,13/08/24 04.14.32,CSZ*KAISEI OTOPAY KD  13/08/24 915010714,915010714,PT Bank Negara Indonesia (Persero) Tbk-B2C, -   ," 186,879 "
889198883,13/08/24 04.14.33,CSZ*PUMA STORE KARAWANGOTOPAY KD  13/08/24 915011266,915011266,PT Bank Negara Indonesia (Persero) Tbk-B2C, -   ," 2,126,520 "
889198883,13/08/24 04.14.33,CSZ*TAI ER OTOPAY KD  13/08/24 915011423,915011423,PT Bank Negara Indonesia (Persero) Tbk-B2C, -   ," 4,155,443 "
889198883,13/08/24 04.14.33,CSZ*APOTEK K 24 STAN   OTOPAY KD  13/08/24 917001414,917001414,PT Bank Negara Indonesia (Persero) Tbk-B2C, -   ," 1,812,943 "
889198883,13/08/24 04.14.33,CSZ*CV HASKA ANUGRAH PRAT  OTOPAY KD  13/08/24 917002321,917002321,PT Bank Negara Indonesia (Persero) Tbk-B2C, -   ," 186,183 "
889198883,13/08/24 04.22.30,CSZ*HOLLOW TREE S RESORT   OTOPAY KK  12/08/24 902031434,902031434,PT Bank Negara Indonesia (Persero) Tbk-B2C, -   ," 35,797,952 "
889198883,13/08/24 04.22.30,CSZ*VILLA ONU MENTAWAI OTOPAY KK  12/08/24 902031558,902031558,PT Bank Negara Indonesia (Persero) Tbk-B2C, -   ," 20,185,613 "
889198883,13/08/24 04.22.30,CSZ*KATSU - GO OTOPAY KK  12/08/24 903031797,903031797,PT Bank Negara Indonesia (Persero) Tbk-B2C, -   ," 3,232,462 "
889198883,13/08/24 04.22.30,CSZ*RS HAJI SYAIFUL ANWAR  OTOPAY KK  12/08/24 904034915,904034915,PT Bank Negara Indonesia (Persero) Tbk-B2C, -   ," 5,000,925 "
889198883,13/08/24 04.22.30,CSZ*FROZEN FOOD ZELOYTAOTOPAY KK  12/08/24 905030029,905030029,PT Bank Negara Indonesia (Persero) Tbk-B2C, -   ," 118,320 "
889198883,13/08/24 04.22.30,CSZ*APOTIK GEDANGANOTOPAY KK  12/08/24 906031539,906031539,PT Bank Negara Indonesia (Persero) Tbk-B2C, -   ," 5,053,250 "
889198883,13/08/24 04.22.30,CSZ*UTAMA ELEKTRIKAL   OTOPAY KK  12/08/24 906032313,906032313,PT Bank Negara Indonesia (Persero) Tbk-B2C, -   ," 18,734,000 "
889198883,13/08/24 04.22.30,CSZ*L ATELIER PARFUMS & C  OTOPAY KK  12/08/24 908000012,908000012,PT Bank Negara Indonesia (Persero) Tbk-B2C, -   ," 1,385,325 "
889198883,13/08/24 04.22.30,CSZ*PT BALI BOAT TOURS OTOPAY KK  12/08/24 908000022,908000022,PT Bank Negara Indonesia (Persero) Tbk-B2C, -   ," 44,507,887 "
889198883,13/08/24 04.22.30,CSZ*VILLAGE THRIVE BALIOTOPAY KK  12/08/24 908000050,908000050,PT Bank Negara Indonesia (Persero) Tbk-B2C, -   ," 230,887 "
889198883,13/08/24 04.22.30,CSZ*BLUE CORNER DIVE   OTOPAY KK  12/08/24 908000062,908000062,PT Bank Negara Indonesia (Persero) Tbk-B2C, -   ," 9,648,010 "
889198883,13/08/24 04.22.30,CSZ*DRAGONFLY VILLAGE  OTOPAY KK  12/08/24 908000116,908000116,PT Bank Negara Indonesia (Persero) Tbk-B2C, -   ," 2,193,026 "
889198883,13/08/24 04.22.30,CSZ*HEAVENS CORNER OTOPAY KK  12/08/24 908000117,908000117,PT Bank Negara Indonesia (Persero) Tbk-B2C, -   ," 2,500,462 "
889198883,13/08/24 04.22.30,CSZ*MERLIN OTOPAY KK  12/08/24 908000127,908000127,PT Bank Negara Indonesia (Persero) Tbk-B2C, -   ," 10,417,090 "
889198883,13/08/24 04.22.30,CSZ*RONJA HOTELOTOPAY KK  12/08/24 908000132,908000132,PT Bank Negara Indonesia (Persero) Tbk-B2C, -   ," 108,075 "
889198883,13/08/24 04.22.30,CSZ*BELLA BALI HOTEL   OTOPAY KK  12/08/24 908000140,908000140,PT Bank Negara Indonesia (Persero) Tbk-B2C, -   ," 10,826,280 "
889198883,13/08/24 04.22.30,CSZ*CORDUROY   OTOPAY KK  12/08/24 908000200,908000200,PT Bank Negara Indonesia (Persero) Tbk-B2C, -   ," 8,759,303 "
889198883,13/08/24 04.22.30,CSZ*SUARGA OTOPAY KK  12/08/24 908000234,908000234,PT Bank Negara Indonesia (Persero) Tbk-B2C, -   ," 5,004,953 "
889198883,13/08/24 04.22.30,CSZ*HOM INTEGRATIVE MEDIC  OTOPAY KK  12/08/24 908000244,908000244,PT Bank Negara Indonesia (Persero) Tbk-B2C, -   ," 15,404,617 "
889198883,13/08/24 04.22.30,CSZ*LULU S VILLA   OTOPAY KK  12/08/24 908000318,908000318,PT Bank Negara Indonesia (Persero) Tbk-B2C, -   ," 9,295,678 "
889198883,13/08/24 04.22.30,CSZ*DOWNTOWN RESTO BAR OTOPAY KK  12/08/24 908000327,908000327,PT Bank Negara Indonesia (Persero) Tbk-B2C, -   ," 4,791,798 "
889198883,13/08/24 04.22.30,CSZ*ABACA VILLAS   OTOPAY KK  12/08/24 908000347,908000347,PT Bank Negara Indonesia (Persero) Tbk-B2C, -   ," 521,707 "
889198883,13/08/24 04.22.30,CSZ*BO AND BUN OTOPAY KK  12/08/24 908000351,908000351,PT Bank Negara Indonesia (Persero) Tbk-B2C, -   ," 1,957,508 "
889198883,13/08/24 04.22.30,CSZ*HUSKY VAPE COFFEE  OTOPAY KK  12/08/24 908000355,908000355,PT Bank Negara Indonesia (Persero) Tbk-B2C, -   ," 697,575 "
889198883,13/08/24 04.22.30,CSZ*HUSKY VAPE COFFEE NUS  OTOPAY KK  12/08/24 908000360,908000360,PT Bank Negara Indonesia (Persero) Tbk-B2C, -   ," 39,300 "
889198883,13/08/24 04.22.30,CSZ*BAR BOAOTOPAY KK  12/08/24 908000361,908000361,PT Bank Negara Indonesia (Persero) Tbk-B2C, -   ," 8,329,627 "
889198883,13/08/24 04.22.30,CSZ*INDIAN CURRY CENTREOTOPAY KK  12/08/24 908000362,908000362,PT Bank Negara Indonesia (Persero) Tbk-B2C, -   ," 633,712 "
889198883,13/08/24 04.22.30,CSZ*WELLBEING PRODUCTS OTOPAY KK  12/08/24 908000363,908000363,PT Bank Negara Indonesia (Persero) Tbk-B2C, -   ," 5,149,969 "
889198883,13/08/24 04.22.30,CSZ*UMALAS DOCTOR  OTOPAY KK  12/08/24 908030398,908030398,PT Bank Negara Indonesia (Persero) Tbk-B2C, -   ," 801,720 "
889198883,13/08/24 04.22.30,CSZ*BODHI LEAF EATERY  OTOPAY KK  12/08/24 908030471,908030471,PT Bank Negara Indonesia (Persero) Tbk-B2C, -   ," 89,702 "
889198883,13/08/24 04.22.30,CSZ*OSCARAANDAFRANKAEYEWE  OTOPAY KK  12/08/24 908030505,908030505,PT Bank Negara Indonesia (Persero) Tbk-B2C, -   ," 6,137,850 "
889198883,13/08/24 04.22.30,CSZ*THE DOSE BALI 1OTOPAY KK  12/08/24 908030919,908030919,PT Bank Negara Indonesia (Persero) Tbk-B2C, -   ," 4,807,342 "
889198883,13/08/24 04.22.30,CSZ*THE DOSE BALI 4OTOPAY KK  12/08/24 908030927,908030927,PT Bank Negara Indonesia (Persero) Tbk-B2C, -   ," 8,598,906 "
889198883,13/08/24 04.22.30,CSZ*THE DOSE BALI  OTOPAY KK  12/08/24 908031495,908031495,PT Bank Negara Indonesia (Persero) Tbk-B2C, -   ," 4,712,686 "
889198883,13/08/24 04.22.30,CSZ*PT ESPACE SPA BALI OTOPAY KK  12/08/24 908034283,908034283,PT Bank Negara Indonesia (Persero) Tbk-B2C, -   ," 2,539,936 "
889198883,13/08/24 04.22.30,CSZ*BALI ICE SKATING AREN  OTOPAY KK  12/08/24 908035124,908035124,PT Bank Negara Indonesia (Persero) Tbk-B2C, -   ," 1,216,724 "
889198883,13/08/24 04.22.30,CSZ*EL KABRON  OTOPAY KK  12/08/24 908038045,908038045,PT Bank Negara Indonesia (Persero) Tbk-B2C, -   ," 6,526,038 "
889198883,13/08/24 04.22.30,CSZ*SIMPLII COFFEE OTOPAY KK  12/08/24 908038961,908038961,PT Bank Negara Indonesia (Persero) Tbk-B2C, -   ," 388,086 "
889198883,13/08/24 04.22.30,CSZ*BALI LIFE  OTOPAY KK  12/08/24 908039456,908039456,PT Bank Negara Indonesia (Persero) Tbk-B2C, -   ," 7,099,544 "
889198883,13/08/24 04.22.30,CSZ*PIICA BALI OTOPAY KK  12/08/24 908039902,908039902,PT Bank Negara Indonesia (Persero) Tbk-B2C, -   ," 805,650 "
889198883,13/08/24 04.22.30,CSZ*L ATELIER PARFUMS & C  OTOPAY KK  12/08/24 908039969,908039969,PT Bank Negara Indonesia (Persero) Tbk-B2C, -   ," 7,503,460 "
889198883,13/08/24 04.22.30,CSZ*GOWORK PACIFIC PLACE   OTOPAY KK  12/08/24 910001759,910001759,PT Bank Negara Indonesia (Persero) Tbk-B2C, -   ," 316,266 "
889198883,13/08/24 04.22.30,CSZ*FISH & CHEAP PLAZA SE  OTOPAY KK  12/08/24 910006964,910006964,PT Bank Negara Indonesia (Persero) Tbk-B2C, -   ," 283,623 "
889198883,13/08/24 04.22.30,CSZ*CHOICE SOUVENIROTOPAY KK  12/08/24 910007178,910007178,PT Bank Negara Indonesia (Persero) Tbk-B2C, -   ," 1,289,040 "
889198883,13/08/24 04.22.30,CSZ*UNHCR INDONESIAOTOPAY KK  12/08/24 910007780,910007780,PT Bank Negara Indonesia (Persero) Tbk-B2C, -   ," 590,175 "
889198883,13/08/24 04.22.30,CSZ*II YAWARA  OTOPAY KK  12/08/24 910007871,910007871,PT Bank Negara Indonesia (Persero) Tbk-B2C, -   ," 7,690,617 "
889198883,13/08/24 04.22.30,CSZ*APOTIK EXPOOTOPAY KK  12/08/24 910008002,910008002,PT Bank Negara Indonesia (Persero) Tbk-B2C, -   ," 168,007 "
889198883,13/08/24 04.22.31,CSZ*KINSHAMO   OTOPAY KK  12/08/24 910008259,910008259,PT Bank Negara Indonesia (Persero) Tbk-B2C, -   ," 6,116,297 "
889198883,13/08/24 04.22.31,CSZ*SWEATBAR   OTOPAY KK  12/08/24 910008663,910008663,PT Bank Negara Indonesia (Persero) Tbk-B2C, -   ," 244,642 "
889198883,13/08/24 04.22.31,CSZ*GOERS  OTOPAY KK  12/08/24 910008713,910008713,PT Bank Negara Indonesia (Persero) Tbk-B2C, -   ," 1,143,731 "
889198883,13/08/24 04.22.31,CSZ*INDONESIA SUSHIRO RES  OTOPAY KK  12/08/24 910009109,910009109,PT Bank Negara Indonesia (Persero) Tbk-B2C, -   ," 32,602,432 "
889198883,13/08/24 04.22.31,CSZ*VENUS SHOP OTOPAY KK  12/08/24 912006228,912006228,PT Bank Negara Indonesia (Persero) Tbk-B2C, -   ," 44,174,180 "
889198883,13/08/24 04.22.31,CSZ*LAUT JAYA TEKNIK   OTOPAY KK  12/08/24 912006541,912006541,PT Bank Negara Indonesia (Persero) Tbk-B2C, -   ," 17,758,215 "
889198883,13/08/24 04.22.31,CSZ*GRAMEDIA LIPPO PURI 4  OTOPAY KK  12/08/24 912009388,912009388,PT Bank Negara Indonesia (Persero) Tbk-B2C, -   ," 2,325,568 "
889198883,13/08/24 04.22.31,CSZ*HAKATA IKKOUSHA PLUIT  OTOPAY KK  12/08/24 912010782,912010782,PT Bank Negara Indonesia (Persero) Tbk-B2C, -   ," 474,341 "
889198883,13/08/24 04.22.31,CSZ*VIAND BIVANDE CAFE OTOPAY KK  12/08/24 912011756,912011756,PT Bank Negara Indonesia (Persero) Tbk-B2C, -   ," 465,293 "
889198883,13/08/24 04.22.31,CSZ*CHEAPPA JAMAS  OTOPAY KK  12/08/24 912012929,912012929,PT Bank Negara Indonesia (Persero) Tbk-B2C, -   ," 290,623 "
889198883,13/08/24 04.22.31,CSZ*PT AMBARA KARYA PRADA  OTOPAY KK  12/08/24 914005236,914005236,PT Bank Negara Indonesia (Persero) Tbk-B2C, -   ," 294,750 "
889198883,13/08/24 04.22.31,CSZ*GRAMEDIA PONDOK INDAH  OTOPAY KK  12/08/24 914006424,914006424,PT Bank Negara Indonesia (Persero) Tbk-B2C, -   ," 4,761,825 "
889198883,13/08/24 04.22.31,CSZ*GOWORK GREEN OFFICE P  OTOPAY KK  12/08/24 914006721,914006721,PT Bank Negara Indonesia (Persero) Tbk-B2C, -   ," 183,217 "
889198883,13/08/24 04.22.31,CSZ*THE CLINIC BEAUTY LOS  OTOPAY KK  12/08/24 914007679,914007679,PT Bank Negara Indonesia (Persero) Tbk-B2C, -   ," 393,414 "
889198883,13/08/24 04.22.31,CSZ*HANKOOK MASTERSOTOPAY KK  12/08/24 914008495,914008495,PT Bank Negara Indonesia (Persero) Tbk-B2C, -   ," 307,522 "
889198883,13/08/24 04.22.31,CSZ*KAYU-KAYU RESTORAN OTOPAY KK  12/08/24 914009030,914009030,PT Bank Negara Indonesia (Persero) Tbk-B2C, -   ," 9,619,544 "
889198883,13/08/24 04.22.31,CSZ*LIZ PONSEL OTOPAY KK  12/08/24 914010939,914010939,PT Bank Negara Indonesia (Persero) Tbk-B2C, -   ," 1,547,437 "
889198883,13/08/24 04.22.31,CSZ*LUNALA VILLA BINGIN R  OTOPAY KK  12/08/24 914011200,914011200,PT Bank Negara Indonesia (Persero) Tbk-B2C, -   ," 25,044,400 "
889198883,13/08/24 04.22.31,CSZ*CLOUD KULTURE VAPESOTOPAY KK  12/08/24 914011283,914011283,PT Bank Negara Indonesia (Persero) Tbk-B2C, -   ," 39,668,752 "
889198883,13/08/24 04.22.31,CSZ*THE BRASS DENPASAR 2   OTOPAY KK  12/08/24 914011333,914011333,PT Bank Negara Indonesia (Persero) Tbk-B2C, -   ," 1,141,295 "
889198883,13/08/24 04.22.31,CSZ*TOKO BANGUNAN TRIJAYA  OTOPAY KK  12/08/24 914011408,914011408,PT Bank Negara Indonesia (Persero) Tbk-B2C, -   ," 4,813,599 "
889198883,13/08/24 04.22.31,CSZ*KLINIK GALAXY  OTOPAY KK  12/08/24 914011465,914011465,PT Bank Negara Indonesia (Persero) Tbk-B2C, -   ," 4,730,691 "
889198883,13/08/24 04.22.31,CSZ*TOKO BESI MUARA BARU   OTOPAY KK  12/08/24 914011507,914011507,PT Bank Negara Indonesia (Persero) Tbk-B2C, -   ," 4,633,965 "
889198883,13/08/24 04.22.31,CSZ*NEX DENTAL INDONESIA   OTOPAY KK  12/08/24 914011549,914011549,PT Bank Negara Indonesia (Persero) Tbk-B2C, -   ," 1,479,000 "
889198883,13/08/24 04.22.31,CSZ*KAFEOLE 2  OTOPAY KK  12/08/24 914011556,914011556,PT Bank Negara Indonesia (Persero) Tbk-B2C, -   ," 138,829 "
889198883,13/08/24 04.22.31,CSZ*TOKO SEPEDA CAHAYA TI  OTOPAY KK  12/08/24 914011564,914011564,PT Bank Negara Indonesia (Persero) Tbk-B2C, -   ," 4,058,376 "
889198883,13/08/24 04.22.31,CSZ*TOKO BANGUNAN PEKAYON  OTOPAY KK  12/08/24 914011606,914011606,PT Bank Negara Indonesia (Persero) Tbk-B2C, -   ," 4,910,325 "
889198883,13/08/24 04.22.31,CSZ*BOMER KITCHEN  OTOPAY KK  12/08/24 914011689,914011689,PT Bank Negara Indonesia (Persero) Tbk-B2C, -   ," 558,076 "
889198883,13/08/24 04.22.31,CSZ*KLINIK GOLDEN DENTAL   OTOPAY KK  12/08/24 914011697,914011697,PT Bank Negara Indonesia (Persero) Tbk-B2C, -   ," 986,000 "
889198883,13/08/24 04.22.31,CSZ*THE SKY RESTAURANT BI  OTOPAY KK  12/08/24 914011762,914011762,PT Bank Negara Indonesia (Persero) Tbk-B2C, -   ," 4,340,372 "
889198883,13/08/24 04.22.31,CSZ*MARRAKESH  OTOPAY KK  12/08/24 914011846,914011846,PT Bank Negara Indonesia (Persero) Tbk-B2C, -   ," 1,223,144 "
889198883,13/08/24 04.22.31,CSZ*LUXURY VILLAS GILI TR  OTOPAY KK  12/08/24 914011861,914011861,PT Bank Negara Indonesia (Persero) Tbk-B2C, -   ," 538,356 "
889198883,13/08/24 04.22.31,CSZ*PLANT CULTURE  OTOPAY KK  12/08/24 914012224,914012224,PT Bank Negara Indonesia (Persero) Tbk-B2C, -   ," 1,586,395 "
889198883,13/08/24 04.22.31,CSZ*VICTORIA CELL  OTOPAY KK  12/08/24 914012463,914012463,PT Bank Negara Indonesia (Persero) Tbk-B2C, -   ," 10,731,624 "
889198883,13/08/24 04.22.31,CSZ*DCOM   OTOPAY KK  12/08/24 914012497,914012497,PT Bank Negara Indonesia (Persero) Tbk-B2C, -   ," 1,535,202 "
889198883,13/08/24 04.22.31,CSZ*DRIP WELLNESS BALI OTOPAY KK  12/08/24 914012562,914012562,PT Bank Negara Indonesia (Persero) Tbk-B2C, -   ," 5,913,633 "
889198883,13/08/24 04.22.31,CSZ*ROCK N REEFOTOPAY KK  12/08/24 914012620,914012620,PT Bank Negara Indonesia (Persero) Tbk-B2C, -   ," 2,982,758 "
889198883,13/08/24 04.22.31,CSZ*SESEH BEACH VILLA  OTOPAY KK  12/08/24 914012638,914012638,PT Bank Negara Indonesia (Persero) Tbk-B2C, -   ," 5,689,857 "
889198883,13/08/24 04.22.31,CSZ*KLINIK MATA SPEC   OTOPAY KK  12/08/24 914012661,914012661,PT Bank Negara Indonesia (Persero) Tbk-B2C, -   ," 1,197,497 "
889198883,13/08/24 04.22.31,CSZ*RB PALEM   OTOPAY KK  12/08/24 914012687,914012687,PT Bank Negara Indonesia (Persero) Tbk-B2C, -   ," 194,580 "
889198883,13/08/24 04.22.31,CSZ*VILLA PULAU CINTA  OTOPAY KK  12/08/24 914012737,914012737,PT Bank Negara Indonesia (Persero) Tbk-B2C, -   ," 17,172,044 "
889198883,13/08/24 04.22.31,CSZ*BALI TOYS  OTOPAY KK  12/08/24 914012836,914012836,PT Bank Negara Indonesia (Persero) Tbk-B2C, -   ," 83,810 "
889198883,13/08/24 04.22.31,CSZ*BALI TRAVEL SHOP   OTOPAY KK  12/08/24 914012851,914012851,PT Bank Negara Indonesia (Persero) Tbk-B2C, -   ," 4,874,784 "
889198883,13/08/24 04.22.31,CSZ*BPS SHOP   OTOPAY KK  12/08/24 914012877,914012877,PT Bank Negara Indonesia (Persero) Tbk-B2C, -   ," 5,803,560 "
889198883,13/08/24 04.22.31,CSZ*PT SURFACE INTERVALOTOPAY KK  12/08/24 914012893,914012893,PT Bank Negara Indonesia (Persero) Tbk-B2C, -   ," 18,351,502 "
889198883,13/08/24 04.22.31,CSZ*GROUNDED   OTOPAY KK  12/08/24 914012984,914012984,PT Bank Negara Indonesia (Persero) Tbk-B2C, -   ," 4,399,532 "
889198883,13/08/24 04.22.31,CSZ*THE BALI BUBBLEOTOPAY KK  12/08/24 914013008,914013008,PT Bank Negara Indonesia (Persero) Tbk-B2C, -   ," 436,699 "
889198883,13/08/24 04.22.31,CSZ*TOKO NAJIAHOTOPAY KK  12/08/24 914013040,914013040,PT Bank Negara Indonesia (Persero) Tbk-B2C, -   ," 1,974,000 "
889198883,13/08/24 04.22.31,CSZ*COINFANTRY WATCH   OTOPAY KK  12/08/24 914013115,914013115,PT Bank Negara Indonesia (Persero) Tbk-B2C, -   ," 443,700 "
889198883,13/08/24 04.22.31,CSZ*COUNTRY TEXTILEOTOPAY KK  12/08/24 914013222,914013222,PT Bank Negara Indonesia (Persero) Tbk-B2C, -   ," 976,140 "
889198883,13/08/24 04.22.31,CSZ*LUXE LASH  OTOPAY KK  12/08/24 914013230,914013230,PT Bank Negara Indonesia (Persero) Tbk-B2C, -   ," 1,138,830 "
889198883,13/08/24 04.22.31,CSZ*GRAMEDIA MT HARYONOOTOPAY KK  12/08/24 914013297,914013297,PT Bank Negara Indonesia (Persero) Tbk-B2C, -   ," 1,273,576 "
889198883,13/08/24 04.22.31,CSZ*WARUNG MAKAN KAMBIROTOPAY KK  12/08/24 914013339,914013339,PT Bank Negara Indonesia (Persero) Tbk-B2C, -   ," 699,567 "
889198883,13/08/24 04.22.31,CSZ*KLINIK MITRA MEDIKAOTOPAY KK  12/08/24 914013487,914013487,PT Bank Negara Indonesia (Persero) Tbk-B2C, -   ," 1,761,751 "
889198883,13/08/24 04.22.31,CSZ*SWIM COLLECTIVE 3  OTOPAY KK  12/08/24 914013685,914013685,PT Bank Negara Indonesia (Persero) Tbk-B2C, -   ," 887,400 "
889198883,13/08/24 04.22.31,CSZ*THE LEMON TREE OTOPAY KK  12/08/24 914013719,914013719,PT Bank Negara Indonesia (Persero) Tbk-B2C, -   ," 4,289,100 "
889198883,13/08/24 04.22.31,CSZ*THE GROUND OTOPAY KK  12/08/24 914013875,914013875,PT Bank Negara Indonesia (Persero) Tbk-B2C, -   ," 6,030,573 "
889198883,13/08/24 04.22.31,CSZ*NUNU BALI  OTOPAY KK  12/08/24 914014022,914014022,PT Bank Negara Indonesia (Persero) Tbk-B2C, -   ," 48,156 "
889198883,13/08/24 04.22.31,CSZ*TICKET TO THE MOON OTOPAY KK  12/08/24 914014071,914014071,PT Bank Negara Indonesia (Persero) Tbk-B2C, -   ," 21,269,006 "
889198883,13/08/24 04.22.31,CSZ*BULL GYM   OTOPAY KK  12/08/24 914014105,914014105,PT Bank Negara Indonesia (Persero) Tbk-B2C, -   ," 179,452 "
889198883,13/08/24 04.22.31,CSZ*AUDRY FASHION  OTOPAY KK  12/08/24 914014428,914014428,PT Bank Negara Indonesia (Persero) Tbk-B2C, -   ," 986,000 "
889198883,13/08/24 04.22.31,CSZ*ICE BATH BALI  OTOPAY KK  12/08/24 914014485,914014485,PT Bank Negara Indonesia (Persero) Tbk-B2C, -   ," 18,142,474 "
889198883,13/08/24 04.22.31,CSZ*GOWORK SAMPOERNA STOTOPAY KK  12/08/24 914014576,914014576,PT Bank Negara Indonesia (Persero) Tbk-B2C, -   ," 30,159,255 "
889198883,13/08/24 04.22.31,CSZ*OSCAR FRANK EYEWEAROTOPAY KK  12/08/24 914014816,914014816,PT Bank Negara Indonesia (Persero) Tbk-B2C, -   ," 8,893,720 "
889198883,13/08/24 04.22.31,CSZ*NV BOUTIQUEOTOPAY KK  12/08/24 914014873,914014873,PT Bank Negara Indonesia (Persero) Tbk-B2C, -   ," 1,558,915 "
889198883,13/08/24 04.22.31,CSZ*RAHAYU GROSIR  OTOPAY KK  12/08/24 914014915,914014915,PT Bank Negara Indonesia (Persero) Tbk-B2C, -   ," 1,874,731 "
889198883,13/08/24 04.22.31,CSZ*KABANN LIVING OBEROOTOPAY KK  12/08/24 914014956,914014956,PT Bank Negara Indonesia (Persero) Tbk-B2C, -   ," 2,389,374 "
889198883,13/08/24 04.22.31,CSZ*MANDALA DESA BOUTIQOTOPAY KK  12/08/24 914015052,914015052,PT Bank Negara Indonesia (Persero) Tbk-B2C, -   ," 5,447,749 "
889198883,13/08/24 04.22.32,CSZ*POULE DE LUXE  OTOPAY KK  12/08/24 914015417,914015417,PT Bank Negara Indonesia (Persero) Tbk-B2C, -   ," 1,715,640 "
889198883,13/08/24 04.22.32,CSZ*WIE TIAM KOPI KNO  OTOPAY KK  12/08/24 914015722,914015722,PT Bank Negara Indonesia (Persero) Tbk-B2C, -   ," 2,695,133 "
889198883,13/08/24 04.22.32,CSZ*TEMBOK TEMPONG MBOKOTOPAY KK  12/08/24 914015789,914015789,PT Bank Negara Indonesia (Persero) Tbk-B2C, -   ," 143,493 "
889198883,13/08/24 04.22.32,CSZ*INDIFOODCOURT-COFFEOTOPAY KK  12/08/24 914016050,914016050,PT Bank Negara Indonesia (Persero) Tbk-B2C, -   ," 161,591 "
889198883,13/08/24 04.22.32,CSZ*MULYA MOTOROTOPAY KK  12/08/24 914016142,914016142,PT Bank Negara Indonesia (Persero) Tbk-B2C, -   ," 1,888,190 "
889198883,13/08/24 04.22.32,CSZ*ISLAND GROOMING BAROTOPAY KK  12/08/24 914016217,914016217,PT Bank Negara Indonesia (Persero) Tbk-B2C, -   ," 1,084,600 "
889198883,13/08/24 04.22.32,CSZ*ONE TWO BOXING BERAOTOPAY KK  12/08/24 914016225,914016225,PT Bank Negara Indonesia (Persero) Tbk-B2C, -   ," 443,700 "
889198883,13/08/24 04.22.32,CSZ*INDIFOODCOURT-WARUNOTOPAY KK  12/08/24 914016274,914016274,PT Bank Negara Indonesia (Persero) Tbk-B2C, -   ," 145,228 "
889198883,13/08/24 04.22.32,CSZ*INDIFOODCOURT-AL ZEOTOPAY KK  12/08/24 914016431,914016431,PT Bank Negara Indonesia (Persero) Tbk-B2C, -   ," 60,325 "
889198883,13/08/24 04.22.32,CSZ*BATIKEUN   OTOPAY KK  12/08/24 914016472,914016472,PT Bank Negara Indonesia (Persero) Tbk-B2C, -   ," 1,479,000 "
889198883,13/08/24 04.22.32,CSZ*D N L MANDALA VILLAOTOPAY KK  12/08/24 914016670,914016670,PT Bank Negara Indonesia (Persero) Tbk-B2C, -   ," 1,705,967 "
889198883,13/08/24 04.22.32,CSZ*INDIFOODCOURT-DRINKOTOPAY KK  12/08/24 914016704,914016704,PT Bank Negara Indonesia (Persero) Tbk-B2C, -   ," 39,100 "
889198883,13/08/24 04.22.32,CSZ*KANGGOROJO OTOPAY KK  12/08/24 914016795,914016795,PT Bank Negara Indonesia (Persero) Tbk-B2C, -   ," 123,250 "
889198883,13/08/24 04.22.32,CSZ*SOLID SURF HOUSE   OTOPAY KK  12/08/24 914016829,914016829,PT Bank Negara Indonesia (Persero) Tbk-B2C, -   ," 3,699,472 "
889198883,13/08/24 04.22.32,CSZ*BALI N GO SCUBA DIVOTOPAY KK  12/08/24 914016993,914016993,PT Bank Negara Indonesia (Persero) Tbk-B2C, -   ," 1,232,500 "
889198883,13/08/24 04.22.32,CSZ*FIVE30 CAFEOTOPAY KK  12/08/24 914017041,914017041,PT Bank Negara Indonesia (Persero) Tbk-B2C, -   ," 865,708 "
889198883,13/08/24 04.22.32,CSZ*ISERVICE BALI  OTOPAY KK  12/08/24 914017249,914017249,PT Bank Negara Indonesia (Persero) Tbk-B2C, -   ," 12,887,710 "
889198883,13/08/24 04.22.32,CSZ*MITRA BINA SEHAT   OTOPAY KK  12/08/24 914017363,914017363,PT Bank Negara Indonesia (Persero) Tbk-B2C, -   ," 152,830 "
889198883,13/08/24 04.22.32,CSZ*EASY CAFE  OTOPAY KK  12/08/24 914017744,914017744,PT Bank Negara Indonesia (Persero) Tbk-B2C, -   ," 7,322,333 "
889198883,13/08/24 04.22.32,CSZ*ALWI VILLA OTOPAY KK  12/08/24 914018007,914018007,PT Bank Negara Indonesia (Persero) Tbk-B2C, -   ," 12,473,886 "
889198883,13/08/24 04.22.32,CSZ*YAMAHA GUNUNG SANGHOTOPAY KK  12/08/24 914018189,914018189,PT Bank Negara Indonesia (Persero) Tbk-B2C, -   ," 681,326 "
889198883,13/08/24 04.22.32,CSZ*POMELO SANUR   OTOPAY KK  12/08/24 914018247,914018247,PT Bank Negara Indonesia (Persero) Tbk-B2C, -   ," 3,533,824 "
889198883,13/08/24 04.22.32,CSZ*ONE DAY PASTRY OTOPAY KK  12/08/24 914018510,914018510,PT Bank Negara Indonesia (Persero) Tbk-B2C, -   ," 1,680,861 "
889198883,13/08/24 04.22.32,CSZ*THE ROAST HOUSEOTOPAY KK  12/08/24 914018619,914018619,PT Bank Negara Indonesia (Persero) Tbk-B2C, -   ," 1,666,340 "
889198883,13/08/24 04.22.32,CSZ*INDIFOODCOURT GYU JOTOPAY KK  12/08/24 914018635,914018635,PT Bank Negara Indonesia (Persero) Tbk-B2C, -   ," 98,308 "
889198883,13/08/24 04.22.32,CSZ*POCO POCO VILLA BY OTOPAY KK  12/08/24 914018734,914018734,PT Bank Negara Indonesia (Persero) Tbk-B2C, -   ," 2,585,292 "
889198883,13/08/24 04.22.32,CSZ*THE GROUND CAFEOTOPAY KK  12/08/24 914018783,914018783,PT Bank Negara Indonesia (Persero) Tbk-B2C, -   ," 440,348 "
889198883,13/08/24 04.22.32,CSZ*LOMBOK SARI WISATA OTOPAY KK  12/08/24 914019070,914019070,PT Bank Negara Indonesia (Persero) Tbk-B2C, -   ," 2,538,950 "
889198883,13/08/24 04.22.32,CSZ*INDIFOODCOURT GAMALOTOPAY KK  12/08/24 914019260,914019260,PT Bank Negara Indonesia (Persero) Tbk-B2C, -   ," 39,139 "
889198883,13/08/24 04.22.32,CSZ*RICE REPUBLIC  OTOPAY KK  12/08/24 914019443,914019443,PT Bank Negara Indonesia (Persero) Tbk-B2C, -   ," 829,721 "
889198883,13/08/24 04.22.32,CSZ*DJAMAN COFFEE  OTOPAY KK  12/08/24 914019682,914019682,PT Bank Negara Indonesia (Persero) Tbk-B2C, -   ," 520,608 "
889198883,13/08/24 04.22.32,CSZ*INDIFOODCOURT DBESTOTOPAY KK  12/08/24 914019757,914019757,PT Bank Negara Indonesia (Persero) Tbk-B2C, -   ," 256,644 "
889198883,13/08/24 04.22.32,CSZ*GILI BAHARIOTOPAY KK  12/08/24 914020763,914020763,PT Bank Negara Indonesia (Persero) Tbk-B2C, -   ," 2,944,689 "
889198883,13/08/24 04.22.32,CSZ*MARKET OTOPAY KK  12/08/24 914020813,914020813,PT Bank Negara Indonesia (Persero) Tbk-B2C, -   ," 39,440 "
889198883,13/08/24 04.22.32,CSZ*CEMARA PET POINT   OTOPAY KK  12/08/24 914021159,914021159,PT Bank Negara Indonesia (Persero) Tbk-B2C, -   ," 522,580 "
889198883,13/08/24 04.22.32,CSZ*GILI SPA   OTOPAY KK  12/08/24 914021241,914021241,PT Bank Negara Indonesia (Persero) Tbk-B2C, -   ," 2,488,171 "
889198883,13/08/24 04.22.32,CSZ*KIKIM VARIASI  OTOPAY KK  12/08/24 914021753,914021753,PT Bank Negara Indonesia (Persero) Tbk-B2C, -   ," 5,340,176 "
889198883,13/08/24 04.22.32,CSZ*DIESELDATE OTOPAY KK  12/08/24 914022132,914022132,PT Bank Negara Indonesia (Persero) Tbk-B2C, -   ," 3,944 "
889198883,13/08/24 04.22.32,CSZ*POMELO DEWI SITA   OTOPAY KK  12/08/24 914024104,914024104,PT Bank Negara Indonesia (Persero) Tbk-B2C, -   ," 3,889,770 "
889198883,13/08/24 04.22.32,CSZ*GILI RECOMMENDED   OTOPAY KK  12/08/24 914024252,914024252,PT Bank Negara Indonesia (Persero) Tbk-B2C, -   ," 345,297 "
889198883,13/08/24 04.22.32,CSZ*ZOUMAI OTOPAY KK  12/08/24 914025176,914025176,PT Bank Negara Indonesia (Persero) Tbk-B2C, -   ," 423,980 "
889198883,13/08/24 04.22.32,CSZ*DOSS - DOSS STORE MAK  OTOPAY KK  12/08/24 914025705,914025705,PT Bank Negara Indonesia (Persero) Tbk-B2C, -   ," 11,683,163 "
889198883,13/08/24 04.22.32,CSZ*UPT CIPUTATOTOPAY KK  12/08/24 914026950,914026950,PT Bank Negara Indonesia (Persero) Tbk-B2C, -   ," 3,547,135 "
889198883,13/08/24 04.22.32,CSZ*FUEGO  OTOPAY KK  12/08/24 914027909,914027909,PT Bank Negara Indonesia (Persero) Tbk-B2C, -   ," 667,325 "
889198883,13/08/24 04.22.32,CSZ*SUSHIRO PURI   OTOPAY KK  12/08/24 914028626,914028626,PT Bank Negara Indonesia (Persero) Tbk-B2C, -   ," 137,938 "
889198883,13/08/24 04.22.32,CSZ*PT NITORI RETAIL INDO  OTOPAY KK  12/08/24 914028659,914028659,PT Bank Negara Indonesia (Persero) Tbk-B2C, -   ," 139,302,060 "
889198883,13/08/24 04.22.32,CSZ*KUBU WATU RESORT   OTOPAY KK  12/08/24 914029095,914029095,PT Bank Negara Indonesia (Persero) Tbk-B2C, -   ," 14,731,122 "
889198883,13/08/24 04.22.32,CSZ*BALM WEARS OTOPAY KK  12/08/24 914029236,914029236,PT Bank Negara Indonesia (Persero) Tbk-B2C, -   ," 216,920 "
889198883,13/08/24 04.22.32,CSZ*ADIDAS GRAND INDONESI  OTOPAY KK  12/08/24 914030200,914030200,PT Bank Negara Indonesia (Persero) Tbk-B2C, -   ," 788,800 "
889198883,13/08/24 04.22.32,CSZ*AYAM GORENG NY SUHART  OTOPAY KK  12/08/24 915005821,915005821,PT Bank Negara Indonesia (Persero) Tbk-B2C, -   ," 3,972,581 "
889198883,13/08/24 04.22.32,CSZ*BENBEN PETCARE OTOPAY KK  12/08/24 915007496,915007496,PT Bank Negara Indonesia (Persero) Tbk-B2C, -   ," 345,100 "
889198883,13/08/24 04.22.33,CSZ*GWK BALI   OTOPAY KK  12/08/24 915009369,915009369,PT Bank Negara Indonesia (Persero) Tbk-B2C, -   ," 2,477,818 "
889198883,13/08/24 04.22.33,CSZ*BROWN SPIRITS PURI MA  OTOPAY KK  12/08/24 915009385,915009385,PT Bank Negara Indonesia (Persero) Tbk-B2C, -   ," 1,972,000 "
889198883,13/08/24 04.22.33,CSZ*TAMAN IMPIAN JAYA ANC  OTOPAY KK  12/08/24 915009435,915009435,PT Bank Negara Indonesia (Persero) Tbk-B2C, -   ," 1,205,878 "
889198883,13/08/24 04.22.33,CSZ*KRICAK ELEKTRONIK 2OTOPAY KK  12/08/24 915009450,915009450,PT Bank Negara Indonesia (Persero) Tbk-B2C, -   ," 50,720,431 "
889198883,13/08/24 04.22.33,CSZ*THE GRAND NI HAO 2 OTOPAY KK  12/08/24 915009468,915009468,PT Bank Negara Indonesia (Persero) Tbk-B2C, -   ," 4,155,793 "
889198883,13/08/24 04.22.33,CSZ*SWIM COLLECTIVE 3  OTOPAY KK  12/08/24 915009500,915009500,PT Bank Negara Indonesia (Persero) Tbk-B2C, -   ," 6,823,120 "
889198883,13/08/24 04.22.33,CSZ*JAWA JIWA G-LAND   OTOPAY KK  12/08/24 915009526,915009526,PT Bank Negara Indonesia (Persero) Tbk-B2C, -   ," 21,932,622 "
889198883,13/08/24 04.22.33,CSZ*SHOES WAREHOUSE 2  OTOPAY KK  12/08/24 915009567,915009567,PT Bank Negara Indonesia (Persero) Tbk-B2C, -   ," 626,110 "
889198883,13/08/24 04.22.33,CSZ*THE BEACH STORE 2  OTOPAY KK  12/08/24 915009575,915009575,PT Bank Negara Indonesia (Persero) Tbk-B2C, -   ," 6,206,870 "
889198883,13/08/24 04.22.33,CSZ*SELMA COMPUTER 2   OTOPAY KK  12/08/24 915009583,915009583,PT Bank Negara Indonesia (Persero) Tbk-B2C, -   ," 17,788,919 "
889198883,13/08/24 04.22.33,CSZ*JAGO ELEKTRONIK 2  OTOPAY KK  12/08/24 915009591,915009591,PT Bank Negara Indonesia (Persero) Tbk-B2C, -   ," 10,627,601 "
889198883,13/08/24 04.22.33,CSZ*MITRA ELEKTRONIK DENP  OTOPAY KK  12/08/24 915009617,915009617,PT Bank Negara Indonesia (Persero) Tbk-B2C, -   ," 10,693,170 "
889198883,13/08/24 04.22.33,CSZ*DIRRA COMPUTER OTOPAY KK  12/08/24 915009633,915009633,PT Bank Negara Indonesia (Persero) Tbk-B2C, -   ," 15,658,863 "
889198883,13/08/24 04.22.33,CSZ*SMILE WORKS DENTAL CA  OTOPAY KK  12/08/24 915009658,915009658,PT Bank Negara Indonesia (Persero) Tbk-B2C, -   ," 14,372,922 "
889198883,13/08/24 04.22.33,CSZ*PT PURPLE TURTLE DIVI  OTOPAY KK  12/08/24 915009682,915009682,PT Bank Negara Indonesia (Persero) Tbk-B2C, -   ," 11,126,024 "
889198883,13/08/24 04.22.33,CSZ*VILLA KAYU RAJA 2  OTOPAY KK  12/08/24 915009732,915009732,PT Bank Negara Indonesia (Persero) Tbk-B2C, -   ," 3,666,687 "
889198883,13/08/24 04.22.33,CSZ*BHAYANGKARA SARI PETS  OTOPAY KK  12/08/24 915009740,915009740,PT Bank Negara Indonesia (Persero) Tbk-B2C, -   ," 19,522,800 "
889198883,13/08/24 04.22.33,CSZ*RUDY TREKKER LOMBOKOTOPAY KK  12/08/24 915009757,915009757,PT Bank Negara Indonesia (Persero) Tbk-B2C, -   ," 1,828,551 "
889198883,13/08/24 04.22.33,CSZ*OLISER PRINT 2 OTOPAY KK  12/08/24 915009815,915009815,PT Bank Negara Indonesia (Persero) Tbk-B2C, -   ," 11,137,462 "
889198883,13/08/24 04.22.33,CSZ*KIWAMI 2   OTOPAY KK  12/08/24 915009872,915009872,PT Bank Negara Indonesia (Persero) Tbk-B2C, -   ," 10,173,351 "
889198883,13/08/24 04.22.33,CSZ*BALI HAPPY TOUR 2  OTOPAY KK  12/08/24 915009955,915009955,PT Bank Negara Indonesia (Persero) Tbk-B2C, -   ," 6,712,984 "
889198883,13/08/24 04.22.33,CSZ*NOKU BEACH HOUSE   OTOPAY KK  12/08/24 915009963,915009963,PT Bank Negara Indonesia (Persero) Tbk-B2C, -   ," 79,723,794 "
889198883,13/08/24 04.22.33,CSZ*INK.INC TATTOO STUDIO  OTOPAY KK  12/08/24 915009989,915009989,PT Bank Negara Indonesia (Persero) Tbk-B2C, -   ," 17,082,450 "
889198883,13/08/24 04.22.33,CSZ*SAPHIRA STORE 2OTOPAY KK  12/08/24 915010029,915010029,PT Bank Negara Indonesia (Persero) Tbk-B2C, -   ," 6,714,455 "
889198883,13/08/24 04.22.33,CSZ*NURI INDAH AUDIO   OTOPAY KK  12/08/24 915010086,915010086,PT Bank Negara Indonesia (Persero) Tbk-B2C, -   ," 26,718,628 "
889198883,13/08/24 04.22.33,CSZ*SARI AGUNG BANGUNANOTOPAY KK  12/08/24 915010094,915010094,PT Bank Negara Indonesia (Persero) Tbk-B2C, -   ," 16,902,012 "
889198883,13/08/24 04.22.33,CSZ*MARTA JAYA BANGUNANOTOPAY KK  12/08/24 915010110,915010110,PT Bank Negara Indonesia (Persero) Tbk-B2C, -   ," 13,282,406 "
889198883,13/08/24 04.22.33,CSZ*TIKI KUSUMANEGARA 2OTOPAY KK  12/08/24 915010144,915010144,PT Bank Negara Indonesia (Persero) Tbk-B2C, -   ," 8,430,711 "
889198883,13/08/24 04.22.33,CSZ*SEMBAKO AROMA 2OTOPAY KK  12/08/24 915010151,915010151,PT Bank Negara Indonesia (Persero) Tbk-B2C, -   ," 5,103,536 "
889198883,13/08/24 04.22.33,CSZ*OSCAR X FRANK EYEWEAR  OTOPAY KK  12/08/24 915010193,915010193,PT Bank Negara Indonesia (Persero) Tbk-B2C, -   ," 7,641,500 "
889198883,13/08/24 04.22.33,CSZ*KOLLABORA 2OTOPAY KK  12/08/24 915010201,915010201,PT Bank Negara Indonesia (Persero) Tbk-B2C, -   ," 2,435,218 "
889198883,13/08/24 04.22.33,CSZ*LUNICA OTOPAY KK  12/08/24 915010250,915010250,PT Bank Negara Indonesia (Persero) Tbk-B2C, -   ," 2,599,323 "
889198883,13/08/24 04.22.33,CSZ*UNAGI HANDICRAFT PAIN  OTOPAY KK  12/08/24 915010284,915010284,PT Bank Negara Indonesia (Persero) Tbk-B2C, -   ," 221,258 "
889198883,13/08/24 04.22.33,CSZ*MERAPI ELEKTRONIK  OTOPAY KK  12/08/24 915010318,915010318,PT Bank Negara Indonesia (Persero) Tbk-B2C, -   ," 5,999,333 "
889198883,13/08/24 04.22.33,CSZ*THE BEACH STORE 1  OTOPAY KK  12/08/24 915010334,915010334,PT Bank Negara Indonesia (Persero) Tbk-B2C, -   ," 1,592,390 "
889198883,13/08/24 04.22.33,CSZ*THE BOHEMIAN BALI 2OTOPAY KK  12/08/24 915010383,915010383,PT Bank Negara Indonesia (Persero) Tbk-B2C, -   ," 932,756 "
889198883,13/08/24 04.22.33,CSZ*JAYA MOTOR 2   OTOPAY KK  12/08/24 915010433,915010433,PT Bank Negara Indonesia (Persero) Tbk-B2C, -   ," 6,607,482 "
889198883,13/08/24 04.22.33,CSZ*SNEAKERS FEST  OTOPAY KK  12/08/24 915010482,915010482,PT Bank Negara Indonesia (Persero) Tbk-B2C, -   ," 626,110 "
889198883,13/08/24 04.22.33,CSZ*SWIM COLLECTIVEOTOPAY KK  12/08/24 915010490,915010490,PT Bank Negara Indonesia (Persero) Tbk-B2C, -   ," 3,874,980 "
889198883,13/08/24 04.22.33,CSZ*SARI FROZEN FOOD   OTOPAY KK  12/08/24 915010540,915010540,PT Bank Negara Indonesia (Persero) Tbk-B2C, -   ," 4,931,500 "
889198883,13/08/24 04.22.33,CSZ*KAFE PENDEKAR ALAM SU  OTOPAY KK  12/08/24 915010649,915010649,PT Bank Negara Indonesia (Persero) Tbk-B2C, -   ," 533,820 "
889198883,13/08/24 04.22.33,CSZ*KAISEI OTOPAY KK  12/08/24 915010714,915010714,PT Bank Negara Indonesia (Persero) Tbk-B2C, -   ," 3,005,544 "
889198883,13/08/24 04.22.33,CSZ*PUMA STORE KARAWANGOTOPAY KK  12/08/24 915011266,915011266,PT Bank Negara Indonesia (Persero) Tbk-B2C, -   ," 716,243 "
889198883,13/08/24 04.22.33,CSZ*TAI ER OTOPAY KK  12/08/24 915011423,915011423,PT Bank Negara Indonesia (Persero) Tbk-B2C, -   ," 8,786,302 "
889198883,13/08/24 04.22.33,CSZ*PT. SEAHORSE PARADISE  OTOPAY KK  12/08/24 916000029,916000029,PT Bank Negara Indonesia (Persero) Tbk-B2C, -   ," 6,051,082 "
889198883,13/08/24 04.22.33,CSZ*APOTEK K 24 STAN   OTOPAY KK  12/08/24 917001414,917001414,PT Bank Negara Indonesia (Persero) Tbk-B2C, -   ," 127,234 "
889198883,13/08/24 04.22.33,CSZ*KARUNIA MOTOR  OTOPAY KK  12/08/24 917002685,917002685,PT Bank Negara Indonesia (Persero) Tbk-B2C, -   ," 12,200,961 "
889198883,13/08/24 04.22.33,CSZ*THE GOODY BOX  OTOPAY KK  12/08/24 918002106,918002106,PT Bank Negara Indonesia (Persero) Tbk-B2C, -   ," 291,950 "
889198883,13/08/24 10.07.25,914029269 CSZ*INFUSION BALI | 0889198883 CASHLEZ WORLDWIDE INDONESIA PT,914029269,PT Bank Negara Indonesia (Persero) Tbk-B2C, -   ," 5,734,825 "
889198883,13/08/24 10.07.58,914012729 CSZ*FISH & CHEAP | 0889198883 CASHLEZ WORLDWIDE INDONESIA PT,914012729,PT Bank Negara Indonesia (Persero) Tbk-B2C, -   ," 871,869 "
889198883,13/08/24 12.03.19,914029269 CSZ*INFUSION BALI | 0889198883 CASHLEZ WORLDWIDE INDONESIA PT,914029269,PT Bank Negara Indonesia (Persero) Tbk-B2C, -   ," 72,323,100 "
889198883,13/08/24 12.03.28,914013545 CSZ*POMELO | 0889198883 CASHLEZ WORLDWIDE INDONESIA PT,914013545,PT Bank Negara Indonesia (Persero) Tbk-B2C, -   ," 6,141,794 "
889198883,13/08/24 12.04.04,914012729 CSZ*FISH & CHEAP | 0889198883 CASHLEZ WORLDWIDE INDONESIA PT,914012729,PT Bank Negara Indonesia (Persero) Tbk-B2C, -   ," 178,757 "
889198883,13/08/24 12.04.09,914015821 CSZ*INDIFOODCOURT-WARUNG | 0889198883 CASHLEZ WORLDWIDE INDONESIA PT,914015821,PT Bank Negara Indonesia (Persero) Tbk-B2C, -   ," 69,822 "
